"name","age"
"sample",1
"sample",5
"sample",10
"sample",10
"sample",12
"sample",35
"sample",75
"sample",68
"sample",26
"sample",28
"sample",2
"sample",7
"sample",10
"sample",55
"sample",40
"sample",1
"sample",5
"sample",10
"sample",10
"sample",12
"sample",35
"sample",75
"sample",68
"sample",26
"sample",28
"sample",2
"sample",7
"sample",10
"sample",55
"sample",40
"sample",1
"sample",5
"sample",10
"sample",10
"sample",12
"sample",35
"sample",75
"sample",68
"sample",26
"sample",28
"sample",2
"sample",7
"sample",10
"sample",55
"sample",40
"sample",1
"sample",5
"sample",10
"sample",10
"sample",12
"sample",35
"sample",75
"sample",68
"sample",26
"sample",28
"sample",2
"sample",7
"sample",10
"sample",55
"sample",40
"sample",1
"sample",5
"sample",10
"sample",10
"sample",12
"sample",35
"sample",75
"sample",68
"sample",26
"sample",28
"sample",2
"sample",7
"sample",10
"sample",55
"sample",40
"sample",1
"sample",5
"sample",10
"sample",10
"sample",12
"sample",35
"sample",75
"sample",68
"sample",26
"sample",28
"sample",2
"sample",7
"sample",10
"sample",55
"sample",40
"sample",1
"sample",5
"sample",10
"sample",10
"sample",12
"sample",35
"sample",75
"sample",68
"sample",26
"sample",28
"sample",2
"sample",7
"sample",10
"sample",55
"sample",40
"sample",1
"sample",5
"sample",10
"sample",10
"sample",12
"sample",35
"sample",75
"sample",68
"sample",26
"sample",28
"sample",2
"sample",7
"sample",10
"sample",55
"sample",40
"sample",1
"sample",5
"sample",10
"sample",10
"sample",12
"sample",35
"sample",75
"sample",68
"sample",26
"sample",28
"sample",2
"sample",7
"sample",10
"sample",55
"sample",40
"sample",1
"sample",5
"sample",10
"sample",10
"sample",12
"sample",35
"sample",75
"sample",68
"sample",26
"sample",28
"sample",2
"sample",7
"sample",10
"sample",55
"sample",40
"sample",1
"sample",5
"sample",10
"sample",10
"sample",12
"sample",35
"sample",75
"sample",68
"sample",26
"sample",28
"sample",2
"sample",7
"sample",10
"sample",55
"sample",40
"sample",1
"sample",5
"sample",10
"sample",10
"sample",12
"sample",35
"sample",75
"sample",68
"sample",26
"sample",28
"sample",2
"sample",7
"sample",10
"sample",55
"sample",40
"sample",1
"sample",5
"sample",10
"sample",10
"sample",12
"sample",35
"sample",75
"sample",68
"sample",26
"sample",28
"sample",2
"sample",7
"sample",10
"sample",55
"sample",40
"sample",1
"sample",5
"sample",10
"sample",10
"sample",12
"sample",35
"sample",75
"sample",68
"sample",26
"sample",28
"sample",2
"sample",7
"sample",10
"sample",55
"sample",40
"sample",1
"sample",5
"sample",10
"sample",10
"sample",12
"sample",35
"sample",75
"sample",68
"sample",26
"sample",28
"sample",2
"sample",7
"sample",10
"sample",55
"sample",40
"sample",1
"sample",5
"sample",10
"sample",10
"sample",12
"sample",35
"sample",75
"sample",68
"sample",26
"sample",28
"sample",2
"sample",7
"sample",10
"sample",55
"sample",40
"sample",1
"sample",5
"sample",10
"sample",10
"sample",12
"sample",35
"sample",75
"sample",68
"sample",26
"sample",28
"sample",2
"sample",7
"sample",10
"sample",55
"sample",40
"sample",1
"sample",5
"sample",10
"sample",10
"sample",12
"sample",35
"sample",75
"sample",68
"sample",26
"sample",28
"sample",2
"sample",7
"sample",10
"sample",55
"sample",40
"sample",1
"sample",5
"sample",10
"sample",10
"sample",12
"sample",35
"sample",75
"sample",68
"sample",26
"sample",28
"sample",2
"sample",7
"sample",10
"sample",55
"sample",40
"sample",1
"sample",5
"sample",10
"sample",10
"sample",12
"sample",35
"sample",75
"sample",68
"sample",26
"sample",28
"sample",2
"sample",7
"sample",10
"sample",55
"sample",40
"sample",1
"sample",5
"sample",10
"sample",10
"sample",12
"sample",35
"sample",75
"sample",68
"sample",26
"sample",28
"sample",2
"sample",7
"sample",10
"sample",55
"sample",40
"sample",1
"sample",5
"sample",10
"sample",10
"sample",12
"sample",35
"sample",75
"sample",68
"sample",26
"sample",28
"sample",2
"sample",7
"sample",10
"sample",55
"sample",40
"sample",1
"sample",5
"sample",10
"sample",10
"sample",12
"sample",35
"sample",75
"sample",68
"sample",26
"sample",28
"sample",2
"sample",7
"sample",10
"sample",55
"sample",40
"sample",1
"sample",5
"sample",10
"sample",10
"sample",12
"sample",35
"sample",75
"sample",68
"sample",26
"sample",28
"sample",2
"sample",7
"sample",10
"sample",55
"sample",40
"sample",1
"sample",5
"sample",10
"sample",10
"sample",12
"sample",35
"sample",75
"sample",68
"sample",26
"sample",28
"sample",2
"sample",7
"sample",10
"sample",55
"sample",40
"sample",1
"sample",5
"sample",10
"sample",10
"sample",12
"sample",35
"sample",75
"sample",68
"sample",26
"sample",28
"sample",2
"sample",7
"sample",10
"sample",55
"sample",40
"sample",1
"sample",5
"sample",10
"sample",10
"sample",12
"sample",35
"sample",75
"sample",68
"sample",26
"sample",28
"sample",2
"sample",7
"sample",10
"sample",55
"sample",40
"sample",1
"sample",5
"sample",10
"sample",10
"sample",12
"sample",35
"sample",75
"sample",68
"sample",26
"sample",28
"sample",2
"sample",7
"sample",10
"sample",55
"sample",40
"sample",1
"sample",5
"sample",10
"sample",10
"sample",12
"sample",35
"sample",75
"sample",68
"sample",26
"sample",28
"sample",2
"sample",7
"sample",10
"sample",55
"sample",40
"sample",1
"sample",5
"sample",10
"sample",10
"sample",12
"sample",35
"sample",75
"sample",68
"sample",26
"sample",28
"sample",2
"sample",7
"sample",10
"sample",55
"sample",40